{
  "sites": {
    "default": 1,
    "data": [
      {"key": "U酷资源", "name":"U酷资源", "api": "https://api.ukuapi.com/api.php/provide/vod/at/xml","type": 1,"jiexiUrl": "","group": "影视","isActive": true,"status": "true"},
      {"key": "奇粹影视", "name":"奇粹影视", "api": "http://www.blssv.com/api.php/provide/vod/at/xml","type": 1,"jiexiUrl": "","group": "影视","isActive": true,"status": "true"},
      {"key": "土剧TV", "name":"土剧TV", "api": "http://tujutv.top/api.php/provide/vod/at/xml","type": 1,"jiexiUrl": "","group": "影视","isActive": true,"status": "true"},
      {"key": "XYUI", "name":"XYUI", "api": "http://jx4.xyui.top:7001/api.php/provide/vod/at/xml","type": 1,"jiexiUrl": "","group": "影视","isActive": true,"status": "true"},
      {"key": "考拉TV", "name":"考拉TV", "api": "https://ikaola.tv/api.php/provide/vod/at/xml","type": 1,"jiexiUrl": "","group": "影视","isActive": true,"status": "true"},
      {"key": "51看剧", "name":"51看剧", "api": "http://www.51kanju.cn/api.php/provide/vod/at/xml","type": 1,"jiexiUrl": "","group": "影视","isActive": true,"status": "true"},
      {"key": "乐活影视", "name":"乐活影视", "api": "https://lehootv.com/api.php/provide/vod/at/xml","type": 1,"jiexiUrl": "","group": "影视","isActive": true,"status": "true"},
      {"key": "金鹰资源", "name":"金鹰资源", "api": "http://jinyingzy.com/provide/vod/at/xml","type": 1,"jiexiUrl": "","group": "影视","isActive": true,"status": "true"},
      {"key": "冠军资源", "name":"冠军资源", "api": "https://www.cmpzy.com/api.php/provide/vod/at/xml","type": 1,"jiexiUrl": "","group": "影视","isActive": true,"status": "true"},
      {"key": "1080资源库", "name":"1080资源库", "api": "https://api.1080zyku.com/inc/api_mac10.php","type": 1,"jiexiUrl": "","group": "影视","isActive": true,"status": "true"},
      {"key": "TOM资源",  "name":"TOM资源", "api": "https://api.tomcaiji.com/api.php/provide/vod/at/xml","type": 1,"jiexiUrl": "","group": "影视","isActive": true,"status": "true"},
      {"key": "神速资源",  "name":"神速资源", "api": "https://api.sszyapi.com/api.php/provide/vod/at/xml","type": 1,"jiexiUrl": "","group": "影视","isActive": true,"status": "true"},
      {"key": "番茄资源",  "name":"番茄资源", "api": "http://api.fqzy.cc/api.php/provide/vod/at/xml","type": 1,"jiexiUrl": "","group": "影视","isActive": true,"status": "true"},
      {"key": "卧龙资源",  "name":"卧龙资源", "api": "https://collect.wolongzyw.com/api.php/provide/vod/at/xml","type": 1,"jiexiUrl": "","group": "影视","isActive": true,"status": "true"},
      {"key": "红牛资源",  "name":"红牛资源", "api": "https://www.hongniuzy2.com/api.php/provide/vod/at/xml","type": 1,"jiexiUrl": "","group": "影视","isActive": true,"status": "true"},
      {"key": "想看资源", "name":"想看资源", "api": "https://m3u8.xiangkanapi.com/api.php/provide/vod/at/xml","type": 1,"jiexiUrl": "","group": "影视","isActive": true,"status": "true"},
      {"key": "易看资源", "name":"易看资源", "api": "https://api.yikanapi.com/api.php/provide/vod/at/xml","type": 1,"jiexiUrl": "","group": "影视","isActive": true,"status": "true"},
      {"key": "韩剧资源", "name":"韩剧资源", "api": "http://www.hanjuzy.com/inc/apijson_vod.php","type": 1,"jiexiUrl": "","group": "影视","isActive": true,"status": "true"},
      {"key": "八戒资源", "name":"八戒资源", "api": "http://cj.bajiecaiji.com/inc/apijson_vod.php","type": 1,"jiexiUrl": "","group": "影视","isActive": true,"status": "true"},
      {"key": "南国影源", "name":"南国影源", "api": "http://api.nguonphim.tv/api.php/provide/vod/at/xml","type": 1,"jiexiUrl": "","group": "影视","isActive": true,"status": "true"},
      {"key": "天天影视", "name":"天天影视", "api": "http://tt2022.ga/api.php/provide/vod/at/xml","type": 1,"jiexiUrl": "","group": "影视","isActive": true,"status": "true"},
      {"key": "艾思影院", "name":"艾思影院", "api": "https://www.aitee.cc/api.php/provide/vod/at/xml","type": 1,"jiexiUrl": "","group": "影视","isActive": true,"status": "true"},
      {"key": "橘猫影视", "name":"橘猫影视", "api": "http://www.zitv.cc/api.php/provide/vod/at/xml","type": 1,"jiexiUrl": "","group": "影视","isActive": true,"status": "true"},
      {"key": "速影", "name":"速影", "api": "https://速影128.xyz/inc/apijson.php","type": 1,"jiexiUrl": "","group": "影视","isActive": true,"status": "true"},
      {"key": "FOX资源", "name":"FOX资源", "api": "https://api.foxzyapi.com/api.","type": 1,"jiexiUrl": "","group": "影视","isActive": true,"status": "true"},
      {"key": "量子资源", "name":"量子资源", "api": "http://cj.lziapi.com/api.php/provide/vod/at/xml","type": 1,"jiexiUrl": "","group": "影视","isActive": true,"status": "true"},
      {"key": "飞速资源", "name":"飞速资源", "api": "https://www.feisuzy.com/api.php/provide/vod/at/xml","type": 1,"jiexiUrl": "","group": "影视","isActive": true,"status": "true"},
      {"key": "光速资源", "name":"光速资源", "api": "https://api.guangsuapi.com/api.php/provide/vod/at/xml","type": 1,"jiexiUrl": "","group": "影视","isActive": true,"status": "true"},
      {"key": "新浪资源", "name":"新浪资源", "api": "http://api.xinlangapi.com/xinlangapi.php/provide/vod/at/xml","type": 1,"jiexiUrl": "","group": "影视","isActive": true,"status": "true"},
      {"key": "鱼乐资源", "name":"鱼乐资源", "api": "https://api.ylzy1.com/api.php/provide/vod/at/xml","type": 1,"jiexiUrl": "","group": "影视","isActive": true,"status": "true"},
      {"key": "快播资源", "name":"快播资源", "api": "http://www.kuaibozy.com/api.php/provide/vod/from/kbm3u8/at/xml","type": 1,"jiexiUrl": "","group": "影视","isActive": true,"status": "true"},
      {"key": "百度资源", "name":"百度资源", "api": "https://api.apibdzy.com/api.php/provide/vod/at/xml","type": 1,"jiexiUrl": "","group": "影视","isActive": true,"status": "true"},
      {"key": "天空资源", "name":"天空资源", "api": "https://api.tiankongapi.com/api.php/provide/vod/at/xml","type": 1,"jiexiUrl": "","group": "影视","isActive": true,"status": "true"},
      {"key": "U酷资源", "name":"U酷资源", "api": "https://api.ukuapi.com/api.php/provide/vod/at/xml","type": 1,"jiexiUrl": "","group": "影视","isActive": true,"status": "true"},
      {"key": "考拉TV", "name":"考拉TV", "api": "https://ikaola.tv/api.php/provide/vod/at/xml","type": 1,"jiexiUrl": "","group": "影视","isActive": true,"status": "true"},
      {"key": "段友影视", "name":"段友影视", "api": "http://shangjihuoke.com/api.php/provide/vod/at/xml","type": 1,"jiexiUrl": "","group": "影视","isActive": true,"status": "true"},
      {"key": "每天看看", "name":"每天看看", "api": "http://47.113.126.237:1234/api.php/provide/vod/at/xml","type": 1,"jiexiUrl": "","group": "影视","isActive": true,"status": "true"},
      {"key": "千寻时光", "name":"千寻时光", "api": "http://wy.dqyhg.cn/api.php/provide/vod/at/xml","type": 1,"jiexiUrl": "","group": "影视","isActive": true,"status": "true"},
      {"key": "39影视", "name":"39影视", "api": "https://www.39kan.com/api.php/provide/vod/at/xml","type": 1,"jiexiUrl": "","group": "影视","isActive": true,"status": "true"},
      {"key": "飘花电影", "name":"飘花电影", "api": "http://www.zzrhgg.com/api.php/provide/vod/at/xml","type": 1,"jiexiUrl": "","group": "影视","isActive": true,"status": "true"},
      {"key": "多多资源", "name":"多多资源", "api": "https://www.ddzyz1.com/api.php/provide/vod/at/xml","type": 1,"jiexiUrl": "","group": "影视","isActive": true,"status": "true"},
      {"key": "多多资源2", "name":"多多资源2", "api": "https://a.7dyu.cn/api.php/provide/vod/at/xml","type": 1,"jiexiUrl": "","group": "影视","isActive": true,"status": "true"},
      {"key": "金鹰资源", "name":"金鹰资源", "api": "https://jyzyapi.com/provide/vod/at/xml","type": 1,"jiexiUrl": "","group": "影视","isActive": true,"status": "true"},
      {"key": "影图资源", "name":"影图资源", "api": "https://cj.vodimg.top/api.php/provide/vod/at/xml","type": 1,"jiexiUrl": "","group": "影视","isActive": true,"status": "true"},
      {"key": "诺讯资源", "name":"诺讯资源", "api": "https://caiji.nxflv.com/api.php/provide/vod/at/xml/","type": 1,"jiexiUrl": "","group": "影视","isActive": true,"status": "true"},
      {"key": "小猫咪", "name":"小猫咪", "api": "http://zy.xiaomaomi.cc/api.php/provide/vod/at/xml","type": 1,"jiexiUrl": "","group": "影视","isActive": true,"status": "true"},
      {"key": "快车资源", "name":"快车资源", "api": "https://caiji.kczyapi.com/api.php/provide/vod/at/xml","type": 1,"jiexiUrl": "","group": "影视","isActive": true,"status": "true"},
      {"key": "樱花资源", "name":"樱花资源", "api": "https://m3u8.apiyhzy.com/api.php/provide/vod/at/xml","type": 1,"jiexiUrl": "","group": "影视","isActive": true,"status": "true"},
      {"key": "酷点资源", "name":"酷点资源", "api": "https://kudianzy.com/api.php/provide/vod/at/xml","type": 1,"jiexiUrl": "","group": "影视","isActive": true,"status": "true"},
      {"key": "速更资源", "name":"速更资源", "api": "https://sugengzy.cn/api.php/provide/vod/at/xml","type": 1,"jiexiUrl": "","group": "影视","isActive": true,"status": "true"},
      {"key": "闪电资源", "name":"闪电资源", "api": "http://sdzyapi.com/api.php/provide/vod/at/xml","type": 1,"jiexiUrl": "","group": "影视","isActive": true,"status": "true"},
      {"key": "77韩剧", "name":"77韩剧", "api": "https://www.77hanju.com/api.php/provide/vod/at/xml","type": 1,"jiexiUrl": "","group": "影视","isActive": true,"status": "true"},
      {"key": "快播资源", "name":"快播资源", "api": "http://www.kuaibozy.com/api.php/provide/vod/at/xml","type": 1,"jiexiUrl": "","group": "影视","isActive": true,"status": "true"},
      {"key": "天空资源", "name":"天空资源", "api": "https://api.tiankongapi.com/api.php/provide/vod/at/xml","type": 1,"jiexiUrl": "","group": "影视","isActive": true,"status": "true"},
      {"key": "看看资源", "name":"看看资源", "api": "https://zy.hikan.xyz/api.php/provide/vod/at/xml","type": 1,"jiexiUrl": "","group": "影视","isActive": true,"status": "true"},
      {"key": "爱酷影视", "name":"爱酷影视", "api": "https://www.zhanlangbu.com/api.php/provide/vod/at/xml","type": 1,"jiexiUrl": "","group": "影视","isActive": true,"status": "true"},
      {"key": "OmoFun", "name":"OmoFun", "api": "https://app.omofun.net/api.php/provide/vod/at/xml","type": 1,"jiexiUrl": "","group": "影视","isActive": true,"status": "true"},
      {"key": "北川影视", "name":"北川影视", "api": "https://www.bcwzg.com/api.php/provide/vod/at/xml","type": 1,"jiexiUrl": "","group": "影视","isActive": true,"status": "true"},
      {"key": "波比影视", "name":"波比影视", "api": "http://xxhhsc.top/api.php/provide/vod/at/xml","type": 1,"jiexiUrl": "","group": "影视","isActive": true,"status": "true"},
      {"key": "映迷", "name":"映迷", "api": "https://www.inmi.app/api.php/provide/vod/at/xml","type": 1,"jiexiUrl": "","group": "影视","isActive": true,"status": "true"},
      {"key": "思古影院", "name":"思古影院", "api": "https://www.siguyy.com/api.php/provide/vod/at/xml","type": 1,"jiexiUrl": "","group": "影视","isActive": true,"status": "true"},
      {"key": "益达影院", "name":"益达影院", "api": "http://luobu.yss6080.com/api.php/provide/vod/at/xml","type": 1,"jiexiUrl": "","group": "影视","isActive": true,"status": "true"},
      {"key": "乐活影视", "name":"乐活影视", "api": "https://lehootv.com/api.php/provide/vod/at/xml","type": 1,"jiexiUrl": "","group": "影视","isActive": true,"status": "true"},
      {"key": "爱兜视频", "name":"爱兜视频", "api": "http://id190.tpddns.cn:81/mogai_api.php/provide/vod/at/xml","type": 1,"jiexiUrl": "","group": "影视","isActive": true,"status": "true"},
      {"key": "瞬间影视", "name":"瞬间影视", "api": "http://app.7en7.com/api.php/provide/vod/at/xml","type": 1,"jiexiUrl": "","group": "影视","isActive": true,"status": "true"},
      {"key": "盘看看", "name":"盘看看", "api": "http://tvcaiji.pankk.cn/api.php/provide/vod/at/xml","type": 1,"jiexiUrl": "","group": "影视","isActive": true,"status": "true"},
      {"key": "创艺影视", "name":"创艺影视", "api": "https://www.30dian.cn/api.php/provide/vod/at/xml","type": 1,"jiexiUrl": "","group": "影视","isActive": true,"status": "true"},
      {"key": "香瓜影视", "name":"香瓜影视", "api": "http://v.xgvod.top/api.php/provide/vod/at/xml","type": 1,"jiexiUrl": "","group": "影视","isActive": true,"status": "true"},
      {"key": "幻风影视", "name":"幻风影视", "api": "http://vip857.top/api.php/provide/vod/at/xml","type": 1,"jiexiUrl": "","group": "影视","isActive": true,"status": "true"},
      {"key": "小鸟动漫", "name":"小鸟动漫", "api": "http://xydm.baicai.buzz/api.php/provide/vod/at/xml","type": 1,"jiexiUrl": "","group": "影视","isActive": true,"status": "true"},
      {"key": "蜗牛动漫", "name":"蜗牛动漫", "api": "http://woniudm.woniu.cyou:20000/api.php/provide/vod/at/xml","type": 1,"jiexiUrl": "","group": "影视","isActive": true,"status": "true"},
      {"key": "蒲公英视频", "name":"蒲公英视频", "api": "http://www.pgy1.top/api.php/provide/vod/at/xml","type": 1,"jiexiUrl": "","group": "影视","isActive": true,"status": "true"},
      {"key": "铭轩影视", "name":"铭轩影视", "api": "http://lz0716.com/api.php/provide/vod/at/xml","type": 1,"jiexiUrl": "","group": "影视","isActive": true,"status": "true"},
      {"key": "海玉影视", "name":"海玉影视", "api": "http://tv2.hykjtv.cn/api.php/provide/vod/at/xml","type": 1,"jiexiUrl": "","group": "影视","isActive": true,"status": "true"},
      {"key": "百淘影视", "name":"百淘影视", "api": "http://ys.58g8.com/api.php/provide/vod/at/xml","type": 1,"jiexiUrl": "","group": "影视","isActive": true,"status": "true"},
      {"key": "阿里影视", "name":"阿里影视", "api": "http://aliys.cn:90/api.php/provide/vod/at/xml","type": 1,"jiexiUrl": "","group": "影视","isActive": true,"status": "true"},
      {"key": "醉璃笙TV", "name":"醉璃笙TV", "api": "http://web.xhdj.vip/api.php/provide/vod/at/xml","type": 1,"jiexiUrl": "","group": "影视","isActive": true,"status": "true"},
      {"key": "网民电影", "name":"网民电影", "api": "https://www.prinevillesda.org/api.php/provide/vod/at/xml","type": 1,"jiexiUrl": "","group": "影视","isActive": true,"status": "true"},
      {"key": "海外电影", "name":"海外电影", "api": "https://www.200121.com/api.php/provide/vod/at/xml","type": 1,"jiexiUrl": "","group": "影视","isActive": true,"status": "true"},
      {"key": "vipmv", "name": "天堂资源","api": "http://vipmv.cc/api.php/provide/vod/at/xml","type": 1,"jiexiUrl": "https://titan.mgtv.com.o8tv.com/jiexi/?url=","group": "影视","isActive": true,"status": "true"},
      {"key": "yilans", "name": "8090资源","api": "http://zy.yilans.net:8090/api.php/provide/vod/at/xml","type": 1,"jiexiUrl": "","group": "影视","isActive": true,"status": "true"},
      {"key": "6Uzy", "name": "6U资源","api": "http://zy.ataoju.com/inc/api.php","type": 1,"jiexiUrl": "","group": "影视","isActive": true,"status": "true"},
      {"key": "leduozy", "name": "乐多资源网","api": "http://api.leduozy.com/inc/api.php","type": 1,"jiexiUrl": "","group": "影视","isActive": true,"status": "true"},
      {"key": "taopianapi", "name": "淘片资源采集网","api": "https://taopianapi.com/home/cjapi/as/mc/vod/xml","type": 1,"jiexiUrl": "","group": "影视","isActive": true,"status": "true"},
      {"key": "yulecj", "name": "鱼乐资源网","api": "https://api.yulecj.com/api.php/provide/vod/at/xml","type": 1,"jiexiUrl": "","group": "影视","isActive": true,"status": "true"},
      {"key": "yparse", "name": "步步高资源","api": "https://api.yparse.com/api/xml","type": 1,"jiexiUrl": "","group": "影视","isActive": true,"status": "true"},
      {"key": "ckzy", "name": "CK资源","api": "https://ckzy.me/api.php/provide/vod/at/xml","type": 1,"jiexiUrl": "","group": "影视","isActive": true,"status": "true"},
      {"key": "travelbooking", "name": "唯一资源","api": "http://api.travelbooking.cc/xml","type": 1,"jiexiUrl": "","group": "影视","isActive": true,"status": "true"},
      {"key": "zycaiji", "name": "星辰资源","api": "http://www.zycaiji.net:7788/api.php/provide/vod/at/xml","type": 1,"jiexiUrl": "","group": "影视","isActive": true,"status": "true"},
      {"key": "zzrhgg", "name": "飘花资源","api": "http://www.zzrhgg.com/api.php/provide/vod/at/xml","type": 1,"jiexiUrl": "","group": "影视","isActive": true,"status": "true"},
      {"key": "kudian8", "name": "酷点资源2","api": "https://kudian8.com/api.php/provide/vod/at/xml","type": 1,"jiexiUrl": "","group": "影视","isActive": true,"status": "true"},
      {"key": "波比影视", "name": "波比影视","api": "http://xxhhsc.top/api.php/provide/vod/at/xml","type": 1,"jiexiUrl": "","group": "影视","isActive": true,"status": "true"},
      {"key": "西柚影视", "name": "西柚影视","api": "http://43.135.75.180:9999/api.php/provide/vod/at/xml","type": 1,"jiexiUrl": "","group": "影视","isActive": true,"status": "true"},
      {"key": "木子看剧", "name": "木子看剧","api": "https://mzkj.maccms.cf/api.php/provide/vod/at/xml","type": 1,"jiexiUrl": "","group": "影视","isActive": true,"status": "true"},
      {"key": "忆梦资源", "name": "忆梦资源","api": "http://anltv.cn/api.php/provide/vod/at/xml","type": 1,"jiexiUrl": "","group": "影视","isActive": true,"status": "true"},
      {"key": "江湖官采", "name": "江湖官采","api": "http://119.29.1.173/api.php/provide/vod/at/xml","type": 1,"jiexiUrl": "","group": "影视","isActive": true,"status": "true"},
      {"key": "诺讯资源", "name": "诺讯资源","api": "http://caiji.nxflv.com/api.php/provide/vod/at/xml","type": 1,"jiexiUrl": "https://www.nxflv.com/?url=","group": "影视","isActive": true,"status": "true"},
      {"key": "雨哥影视", "name": "雨哥影视","api": "http://cj.baozi66.top:66/api.php/provide/vod/at/xml","type": 1,"jiexiUrl": "","group": "影视","isActive": true,"status": "true"},
      {"key": "MX 影院", "name": "MX 影院","api": "http://49.235.107.145:81/api.php/provide/vod/at/xml","type": 1,"jiexiUrl": "","group": "影视","isActive": true,"status": "true"},
      {"key": "MBO 影视", "name": "MBO 影视","api": "https://www.mbomovie.com/api.php/provide/vod/at/xml/","type": 1,"jiexiUrl": "","group": "影视","isActive": true,"status": "true"}
    ]
  },
  "iptv": {
    "default": 1, 
    "data": [
      {
        "id": 1,
        "name": "饭太硬直播",
        "url": "http://ftyyy.tk/live.txt",
        "playerType": 1,
        "epg": "http://epg.51zmt.top:8000/api/diyp/?ch={name}&date={date}",
        "isActive": true 
      },
      {
        "id": 2,
        "name": "FongMi直播",
        "type": 0,
        "url": "http://home.jundie.top:81/Cat/tv/live.txt",
        "epg": "http://epg.51zmt.top:8000/api/diyp/?ch={name}&date={date}",
        "isActive": true 
      }
    ]
  },
  "analyzes": {
    "default": 2, 
    "data": [
      {"name":"解析1","url":"https://jx.777jiexi.com/player/?url=","isActive": true}, 
      {"name":"解析2","url":"https://jx.bozrc.com:4433/player/?url=","isActive": true}, 
      {"name":"解析3","url":"https://www.ckmov.vip/api.php?url=","isActive": true},
      {"name":"解析4","url":"https://www.h8jx.com/jiexi.php?url=","isActive": true},
      {"name":"解析5","url":"https://jx.playerjy.com/?url=","isActive": true},
      {"name":"解析6","url":"https://www.playm3u8.cn/jiexi.php?url=","isActive": true},
      {"name":"解析7","url":"https://api.jiexi.la/?url=","isActive": true},
      {"name":"解析8","url":"https://jx.ivito.cn/?url=","isActive": true},
      {"name":"解析9","url":"https://www.8090g.cn/?url=","isActive": true},
      {"name":"解析10","url":"https://jx.zhanlangbu.com/?url=","isActive": true}, 
      {"name":"解析11","url":"https://www.ckplayer.vip/jiexi/?url=","isActive": true},
      {"name":"解析12","url":"https://vip.blbo.cc:2222/api/?key=9f230d947680de53b544be747efa8e54&url=","isActive": true}, 
      {"name":"解析13","url":"https://b.umkan.cc/API.php?url","isActive": true}, 
      {"name":"解析15","url":"https://jx.zhanlangbu.com/?url=","isActive": true}, 
      {"name":"解析16","url":"https://h5.freejson.xyz/player/?url=","isActive": true}, 
      {"name":"解析17","url":"http://jx.fuqizhishi.com:63/API.php?appkey=feimao&url=","isActive": true}, 
      {"name":"解析18","url":"http://www.pandown.pro/app/tkys/tkysjx.php?url=","isActive": true},
      {"name":"解析19","url":"https://json.xn--9kq078cdn3a.cc/api/?key=9ksb8DzGi6xUtNf1Cm&url=","isActive": true},
      {"name":"解析20","url":"https://jx.ccabc.cc/byg/?url=","isActive": true},
      {"name":"解析21","url":"https://b.umkan.cc/API.php?url=","isActive": true},
      {"name":"解析22","url":"http://45.248.10.163:4433/json.php?wap=0&url=","isActive": true},
      {"name":"解析23","url":"http://newjiexi.gotka.top/keyu3.php?url=","isActive": true},
      {"name":"解析24","url":"http://www.miaoys.cc/vip/?url=","isActive": true},
      {"name":"解析25","url":"http://svip.key521.cn/analysis/json/?uid=22&my=acdgimotxCHLNOTX16&url=","isActive": true},
      {"name":"解析26","url":"http://47.108.39.237:55/api/jsonindex.php/?key=dp2xOsl8Nws8uFdY0E&url=","isActive": true},
      {"name":"解析27","url":"https://okjx.cc/?url=","isActive": true}
    ]
  }
}
