[
  {"key": "caiji01","name": "亚洲成人在线 ","api": "https://www.caiji01.com/home/cjapi/cfd2/mc10/vod/xml","jiexiUrl": "","group": "18+","isActive": true,"status": "可用","reverseOrder": false,"id": 1},
  {"key": "caiji02","name": "草榴视频 ","api": "https://www.caiji02.com/home/cjapi/cfas/mc10/vod/xml","jiexiUrl": "","group": "18+","isActive": true,"status": "可用","reverseOrder": false,"id": 2},
  {"key": "caiji03","name": "一本道资源 ","api": "https://www.caiji03.com/home/cjapi/cfg8/mc10/vod/xml","jiexiUrl": "","group": "18+","isActive": true,"status": "可用","reverseOrder": false,"id": 3},
  {"key": "caiji04","name": "麻豆视频 ","api": "https://www.caiji04.com/home/cjapi/cfc7/mc10/vod/xml","jiexiUrl": "","group": "18+","isActive": true,"status": "可用","reverseOrder": false,"id": 4},
  {"key": "caiji05","name": "青青草视频 ","api": "https://www.caiji05.com/home/cjapi/cfda/mc10/vod/xml","jiexiUrl": "","group": "18+","isActive": true,"status": "可用","reverseOrder": false,"id": 5},
  {"key": "caiji07","name": "日本AV在线 ","api": "https://www.caiji07.com/home/cjapi/cfcf/mc10/vod/xml","jiexiUrl": "","group": "18+","isActive": true,"status": "可用","reverseOrder": false,"id": 6},
  {"key": "caiji08","name": "大香蕉 ","api": "https://www.caiji08.com/home/cjapi/cfcf/mc10/vod/xml","jiexiUrl": "","group": "18+","isActive": true,"status": "可用","reverseOrder": false,"id": 7},
  {"key": "caiji09","name": "快播盒子资源 ","api": "https://www.caiji09.com/home/cjapi/cfp0/mc10/vod/xml","jiexiUrl": "","group": "18+","isActive": true,"status": "可用","reverseOrder": false,"id": 8},
  {"key": "caiji10","name": "黄瓜TV资源 ","api": "https://www.caiji10.com/home/cjapi/cfs6/mc10/vod/xml","jiexiUrl": "","group": "18+","isActive": true,"status": "可用","reverseOrder": false,"id": 9},
  {"key": "caiji21","name": "我要啪啪 ","api": "http://www.caiji21.com/home/cjapi/klkl/mc10/vod/xml","jiexiUrl": "","group": "18+","isActive": true,"status": "可用","reverseOrder": false,"id": 10},
  {"key": "caiji22","name": "AV集中淫 ","api": "https://www.caiji22.com/home/cjapi/klp0/mc10/vod/xml","jiexiUrl": "","group": "18+","isActive": true,"status": "可用","reverseOrder": false,"id": 11},
  {"key": "caiji23","name": "夜夜撸资源 ","api": "https://www.caiji23.com/home/cjapi/kls6/mc10/vod/xml","jiexiUrl": "","group": "18+","isActive": true,"status": "可用","reverseOrder": false,"id": 12},
  {"key": "caiji24","name": "大屌丝资源 ","api": "http://www.caiji24.com/home/cjapi/p0d2/mc10/vod/xml","jiexiUrl": "","group": "18+","isActive": true,"status": "可用","reverseOrder": false,"id": 13},
  {"key": "caiji25","name": "咪咪资源 ","api": "http://www.caiji25.com/home/cjapi/p0as/mc10/vod/xml","jiexiUrl": "","group": "18+","isActive": true,"status": "可用","reverseOrder": false,"id": 14},
  {"key": "caiji26","name": "鲍鱼AV ","api": "http://caiji26.com/home/cjapi/p0g8/mc10/vod/xml","jiexiUrl": "","group": "18+","isActive": true,"status": "可用","reverseOrder": false,"id": 15},
  {"key": "91麻豆","name": "91麻豆 ","api": "https://91md.me/api.php/provide/vod/at/xml","jiexiUrl": "","group": "18+","isActive": true,"status": "可用","reverseOrder": false,"id": 16},
  {"key": "523zyw","name": "523资源","api": "https://caiji.523zyw.com/inc/seacmsapi.php","jiexiUrl": "","group": "18+","isActive": true,"status": "可用","reverseOrder": false,"id": 17},
  {"key": "naichaapi","name": "奶茶资源","api": "https://caiji.naichaapi.com/inc/api.php","jiexiUrl": "","group": "18+","isActive": true,"status": "可用","reverseOrder": false,"id": 18},
  {"key": "putaozy","name": "葡萄资源","api": "https://caiji.putaozy.net/inc/api.php","jiexiUrl": "","group": "18+","isActive": true,"status": "可用","reverseOrder": false,"id": 19},
  {"key": "siwazyw","name": "丝袜资源","api": "https://siwazyw.cc/api.php/provide/vod/at/xml","jiexiUrl": "","group": "18+","isActive": true,"status": "可用","reverseOrder": false,"id": 20},
  {"key": "apilyzy","name": "老鸭","api": "https://api.apilyzy.com/api.php/provide/vod/at/xml","jiexiUrl": "","group": "18+","isActive": true,"status": "可用","reverseOrder": false,"id": 21},
  {"key": "huakuiapi","name": "花魁","api": "https://caiji.huakuiapi.com/inc/api.php","jiexiUrl": "","group": "18+","isActive": true,"status": "可用","reverseOrder": false,"id": 22},
  {"key": "apittzy","name": "探探资源","api": "https://apittzy.com/api.php/provide/vod/at/xml","jiexiUrl": "","group": "18+","isActive": true,"status": "可用","reverseOrder": false,"id": 23},
  {"key": "kkzy","name": "KK资源网","api": "https://kkzy.me/api.php/provide/vod/at/xmlsea","jiexiUrl": "","group": "18+","isActive": true,"status": "可用","reverseOrder": false,"id": 24},
  {"key": "maozyapi","name": "色猫资源","api": "https://api.maozyapi.com/inc/api.php","jiexiUrl": "","group": "18+","isActive": true,"status": "可用","reverseOrder": false,"id": 25},
  {"key": "wmcj8","name": "AG资源","api": "http://wmcj8.com/inc/sapi.php","jiexiUrl": "","group": "18+","isActive": true,"status": "可用","reverseOrder": false,"id": 26},
  {"key": "shayu","name": "shayu","api": "https://shayuapi.com/api.php/Seacms/vod","jiexiUrl": "","group": "18+","isActive": true,"status": "可用","reverseOrder": false,"id": 27},
  {"key": "lb","name": "乐播","api": "https://lbapi9.com/api.php/provide/vod/at/xml","jiexiUrl": "","group": "18+","isActive": true,"status": "可用","reverseOrder": false,"id": 28},
  {"key": "bttcj","name": "BT天堂","api": "http://bttcj.com/inc/sapi.php","jiexiUrl": "","group": "18+","isActive": true,"status": "可用","reverseOrder": false,"id": 29},
  {"key": "caomeiapi","name": "草莓资源","api": "https://caiji.caomeiapi.com/inc/api.php","jiexiUrl": "","group": "18+","isActive": true,"status": "可用","reverseOrder": false,"id": 30},
  {"key": "91md","name": "91md ","api": "http://bt4.cc/api.php/provide/vod/from/mdm3u8/at/xml","jiexiUrl": "","group": "18+","isActive": true,"status": "可用","reverseOrder": false,"id": 31},
  {"key": "芒果资源","name": "芒果资源 ","api": "https://mgzyz1.com/api.php/provide/vod/at/xml","jiexiUrl": "","group": "18+","isActive": true,"status": "可用","reverseOrder": false,"id": 32},
  {"key": "秀色资源","name": "秀色资源 ","api": "https://api.xiuseapi.com/api.php/provide/vod/at/xml","jiexiUrl": "","group": "18+","isActive": true,"status": "可用","reverseOrder": false,"id": 33},
  {"key": "色窝资源","name": "色窝资源 ","api": "https://sewozyapi.com/api.php/provide/vod/at/xml","jiexiUrl": "","group": "18+","isActive": true,"status": "可用","reverseOrder": false,"id": 34},
  {"key": "色屌丝资源","name": "色屌丝资源 ","api": "http://sdszyapi.com/home/cjapi/asbb/mc10/vod/xml","jiexiUrl": "","group": "18+","isActive": true,"status": "可用","reverseOrder": false,"id": 35},
  {"key": "小姐姐资源","name": "小姐姐资源 ","api": "https://xjjzyapi.com/home/cjapi/askl/mc10/vod/xml","jiexiUrl": "","group": "18+","isActive": true,"status": "可用","reverseOrder": false,"id": 36},
  {"key": "52AVAV","name": "52AVAV ","api": "https://52zyapi.com/home/cjapi/asda/mc10/vod/xml","jiexiUrl": "","group": "18+","isActive": true,"status": "可用","reverseOrder": false,"id": 37},
  {"key": "精工厂资源","name": "精工厂资源 ","api": "https://jgczyapi.com/home/cjapi/kld2/mc10/vod/xml","jiexiUrl": "","group": "18+","isActive": true,"status": "可用","reverseOrder": false,"id": 38},
  {"key": "点点娱乐","name": "点点娱乐 ","api": "https://xx55zyapi.com/home/cjapi/ascf/mc10/vod/xml","jiexiUrl": "","group": "18+","isActive": true,"status": "可用","reverseOrder": false,"id": 39},
  {"key": "大MM资源","name": "大MM资源 ","api": "https://www.dmmapi.com/home/cjapi/asd2c7/mc10/vod/xml","jiexiUrl": "","group": "18+","isActive": true,"status": "可用","reverseOrder": false,"id": 40},
  {"key": "99资源","name": "99资源 ","api": "http://99zy.pw/api.php/provide/vod/at/xml","jiexiUrl": "","group": "18+","isActive": true,"status": "可用","reverseOrder": false,"id": 41},
  {"key": "酷豆资源","name": "酷豆资源 ","api": "https://kudouzy.com/api.php/provide/vod/at/xml","jiexiUrl": "","group": "18+","isActive": true,"status": "可用","reverseOrder": false,"id": 42},
  {"key": "酷豆2","name": "酷豆2 ","api": "https://api.kdapi.info/api.php/provide/vod/at/xml","jiexiUrl": "","group": "18+","isActive": true,"status": "可用","reverseOrder": false,"id": 43},
  {"key": "酷伦理","name": "酷伦理 ","api": "https://api.kudian70.com/api.php/provide/vod/at/xml","jiexiUrl": "","group": "18+","isActive": true,"status": "可用","reverseOrder": false,"id": 44},
  {"key": "影库资源","name": "影库资源 ","api": "https://api.ykapi.net/api.php/provide/vod/at/xml","jiexiUrl": "","group": "18+","isActive": true,"status": "可用","reverseOrder": false,"id": 45},
  {"key": "CK资源","name": "CK资源 ","api": "http://www.feifei67.com/api.php/provide/vod/at/xml","jiexiUrl": "","group": "18+","isActive": true,"status": "可用","reverseOrder": false,"id": 46},
  {"key": "番号资源","name": "番号资源 ","api": "http://fhapi9.com/api.php/provide/vod/at/xml","jiexiUrl": "","group": "18+","isActive": true,"status": "可用","reverseOrder": false,"id": 47},
  {"key": "水蜜桃","name": "水蜜桃 ","api": "http://51smt4.xyz/api.php/provide/vod/at/xml","jiexiUrl": "","group": "18+","isActive": false,"status": "可用","reverseOrder": false,"id": 48},
  {"key": "哥哥妹妹","name": "哥哥妹妹","type": 0,"api": "http://www.ggmmzy.com:9999/inc/xml","jiexiUrl": "","group": "18+","isActive": false,"status": "可用","reverseOrder": false,"id": 49},
  {"key": "11bat","name": "森林资源","type": 0,"api": "http://api.11bat.com/api.php/provide/vod/at/xml","jiexiUrl": "","group": "18+","isActive": false,"status": "可用","reverseOrder": false,"id": 50},
  {"key": "ykapi","name": "影库资源","type": 1,"api": "https://api.ykapi.net/api.php/provide/vod/","jiexiUrl": "","group": "18+","isActive": false,"status": "可用","reverseOrder": false,"id": 51},
  {"key": "yinwoapi","name": "宅男之家","type": 1,"api": "https://api.yinwoapi.com/api.php/provide/vod/","jiexiUrl": "","group": "18+","isActive": false,"status": "可用","reverseOrder": false,"id": 52},
  {"key": "jcspcj8","name": "jcspcj8","type": 0,"api": "http://jcspcj8.com/api?ac=videolist","jiexiUrl": "","group": "18+","isActive": false,"status": "可用","reverseOrder": false,"id": 53},
  {"key": "secj8","name": "secj8","type": 0,"api": "http://secj8.com/inc/sapi.php?ac=videolist","jiexiUrl": "","group": "18+","isActive": false,"status": "可用","reverseOrder": false,"id": 54},
  {"key": "dadiapi","name": "dadiapi","type": 0,"api": "http://dadiapi.com/api.php","jiexiUrl": "","group": "18+","isActive": false,"status": "可用","reverseOrder": false,"id": 55},
  {"key": "zmcj88","name": "zmcj88","type": 0,"api": "http://zmcj88.com/sapi?ac=videolist","jiexiUrl": "","group": "18+","isActive": false,"status": "可用","reverseOrder": false,"id": 56},
  {"key": "mygzycj","name": "mygzycj","type": 0,"api": "http://mygzycj.com/api.php?ac=list","jiexiUrl": "","group": "18+","isActive": false,"status": "可用","reverseOrder": false,"id": 57},
  {"key": "llzxcj","name": "llzxcj","type": 0,"api": "http://llzxcj.com/inc/sck.php?ac=videolist","jiexiUrl": "","group": "18+","isActive": false,"status": "可用","reverseOrder": false,"id": 58},
  {"key": "99zywcj","name": "99zywcj","type": 0,"api": "http://99zywcj.com/inc/sapi.php?ac=videolist","jiexiUrl": "","group": "18+","isActive": false,"status": "可用","reverseOrder": false,"id": 59},
  {"key": "f2dcj6","name": "f2dcj6","type": 0,"api": "http://f2dcj6.com/sapi?ac=videolist","jiexiUrl": "","group": "18+","isActive": false,"status": "可用","reverseOrder": false,"id": 60},
  {"key": "gdlsp","name": "gdlsp","type": 0,"api": "https://www.gdlsp.com/api/xml.php","jiexiUrl": "","group": "18+","isActive": false,"status": "可用","reverseOrder": false,"id": 61},
  {"key": "kxgav","name": "kxgav","type": 0,"api": "https://www.kxgav.com/api/xml.php","jiexiUrl": "","group": "18+","isActive": false,"status": "可用","reverseOrder": false,"id": 62},
  {"key": "msnii","name": "msnii","type": 0,"api": "https://www.msnii.com/api/xml.php","jiexiUrl": "","group": "18+","isActive": false,"status": "可用","reverseOrder": false,"id": 63},
  {"key": "xrbsp","name": "xrbsp","type": 0,"api": "https://www.xrbsp.com/api/xml.php","jiexiUrl": "","group": "18+","isActive": false,"status": "可用","reverseOrder": false,"id": 64}
]
